,pair_address_uni,token0,token1,WETH_balance_uni,pair_address_sushi,WETH_balance_sushi,token,res0_uni,res1_uni,res0_sushi,res1_sushi,other_balance_uni,other_balance_sushi,decimals
0,0xb4e16d0168e52d35cacd2c6185b44281ec28c9dc,0xa0b86991c6218b36c1d19d4a2e9eb0ce3606eb48,0xc02aaa39b223fe8d0a0e5c4f27ead9083c756cc2,12650655189292990077642,0x397ff1542f962076d0bfe58ea045ffa2d347aca0,7920758347850665609450,0xa0b86991c6218b36c1d19d4a2e9eb0ce3606eb48,21752792357558,12650711390376653267270,13624343873336,7920758347850665609450,21752792357558,13624343873336,6
1,0xa478c2975ab1ea89e8196811f51a7b7ade33eb11,0x6b175474e89094c44da98b954eedeac495271d0f,0xc02aaa39b223fe8d0a0e5c4f27ead9083c756cc2,4459139116906674198324,0xc3d03e4f041fd4cd388c549ee2a29a9e5075882f,2254189693158729148295,0x6b175474e89094c44da98b954eedeac495271d0f,7667545936732481024418533,4458677576840942893997,3877890921940468515037922,2254189693158729148295,7667545936732481024418533,3877890921940468515037922,18
2,0xbb2b8038a1640196fbe3e38816f3e67cba72d940,0x2260fac5e5542a773aa44fbcfedf7c193bc2c599,0xc02aaa39b223fe8d0a0e5c4f27ead9083c756cc2,2673487680499363772425,0xceff51756c56ceffca006cd410b03ffc46dd3a58,6032956557059931732223,0x2260fac5e5542a773aa44fbcfedf7c193bc2c599,17677581537,2673487680499363772425,39833113453,6032956557059931732223,17677581537,39833113453,8
3,0x43ae24960e5534731fc831386c07755a2dc33d47,0xc011a73ee8576fb46f5e1c5751ca3b9fe0af2a6f,0xc02aaa39b223fe8d0a0e5c4f27ead9083c756cc2,263954723141847101628,0xa1d7b2d891e3a1f9ef4bbc5be20630c2feb1c470,140755832686110082980,0xc011a73ee8576fb46f5e1c5751ca3b9fe0af2a6f,163364803420458682478828,263954723141847101628,86428575236816882392337,140755832686110082980,163364803420458682478828,86428575236816882392337,18
4,0xa2107fa5b38d9bbd2c461d6edf11b11a50f6b974,0x514910771af9ca656af840dff83e8264ecf986ca,0xc02aaa39b223fe8d0a0e5c4f27ead9083c756cc2,486346078440427395899,0xc40d16476380e4037e6b1a2594caf6a6cc8da967,566826245647469320230,0x514910771af9ca656af840dff83e8264ecf986ca,120718435904699730782961,486346078440427395899,140686122591211182241397,566826245647469320230,120718435904699730782961,140686122591211182241397,18
5,0xa5e79baee540f000ef6f23d067cd3ac22c7d9fe6,0xaaaebe6fe48e54f431b0c390cfaf0b017d09d42d,0xc02aaa39b223fe8d0a0e5c4f27ead9083c756cc2,23545768294379182345,0x796bc3622a6e0cd32e7bc02a9b6d6fdcbaf1cb26,8428086612386562689,0xaaaebe6fe48e54f431b0c390cfaf0b017d09d42d,1048461001,23545768294379182345,382182551,8428086612386562689,1048461001,382182551,4
6,0xc2adda861f89bbb333c90c492cb837741916a225,0x9f8f72aa9304c8b593d555f12ef6589cc3a579a2,0xc02aaa39b223fe8d0a0e5c4f27ead9083c756cc2,383716922080293633760,0xba13afecda9beb75de5c56bbaf696b880a5a50dd,107926285523511210547,0x9f8f72aa9304c8b593d555f12ef6589cc3a579a2,910713177750983821520,383716922080293633760,256018803015954078221,107926285523511210547,910713177750983821520,256018803015954078221,18
7,0xc5be99a02c6857f9eac67bbce58df5572498f40c,0xc02aaa39b223fe8d0a0e5c4f27ead9083c756cc2,0xd46ba6d942050d489dbd938a2c909a5d5039a161,1085894262541357781202,0xcb2286d9471cc185281c4f763d34a962ed212962,79135625477667221881,0xd46ba6d942050d489dbd938a2c909a5d5039a161,1082517142541714708203,1602914186093709,79135625477667221881,117058786310334,1602914186093709,117058786310334,9
8,0xc6f348dd3b91a56d117ec0071c1e9b83c0996de4,0xc02aaa39b223fe8d0a0e5c4f27ead9083c756cc2,0xe41d2489571d322189246dafa5ebde1f4699f498,33975493619999515010,0x0bc5ae46c32d99c434b7383183aca16dd6e9bdc8,4804476786495211085,0xe41d2489571d322189246dafa5ebde1f4699f498,33975493619999515010,254677764439961253819790,4804476786495211085,36217472964215301904090,254677764439961253819790,36217472964215301904090,18
9,0xf80758ab42c3b07da84053fd88804bcb6baa4b5c,0x57ab1ec28d129707052df4df418d58a2d46d5f51,0xc02aaa39b223fe8d0a0e5c4f27ead9083c756cc2,60366709617069972267,0xf1f85b2c54a2bd284b1cf4141d64fd171bd85539,85325592393458767065,0x57ab1ec28d129707052df4df418d58a2d46d5f51,103033702305647667260422,60366709617069972267,145568266255574692417649,85325592393458767065,103033702305647667260422,145568266255574692417649,18
10,0x343fd171caf4f0287ae6b87d75a8964dc44516ab,0x93ed3fbe21207ec2e8f2d3c3de6e058cb73bc04d,0xc02aaa39b223fe8d0a0e5c4f27ead9083c756cc2,1005570119962702543528,0xef4f1d5007b4ff88c1a56261fec00264af6001fb,5636915838714558307,0x93ed3fbe21207ec2e8f2d3c3de6e058cb73bc04d,57009795955588221607245296,1005570119962702543528,321777502547646272433681,5636915838714558307,57009795955588221607245296,321777502547646272433681,18
11,0x11b1f53204d03e5529f09eb3091939e4fd8c9cf3,0x0f5d2fb29fb7d3cfee444a200298f468908cc942,0xc02aaa39b223fe8d0a0e5c4f27ead9083c756cc2,86134930271462598463,0x1bec4db6c3bc499f3dbf289f5499c30d541fec97,48165238450819478475,0x0f5d2fb29fb7d3cfee444a200298f468908cc942,251652556375102336397665,86134930271462598463,140989543138806990734416,48165238450819478475,251652556375102336397665,140989543138806990734416,18
12,0x2b6a25f7c54f43c71c743e627f5663232586c39f,0x8a9c67fee641579deba04928c4bc45f66e26343a,0xc02aaa39b223fe8d0a0e5c4f27ead9083c756cc2,6043254730468358615,0xf1360c4ae1cead17b588ec1111983d2791b760d3,1547033651250708056,0x8a9c67fee641579deba04928c4bc45f66e26343a,800320065614765295394670,6043254730468358615,217747952661566281815291,1547033651250708056,800320065614765295394670,217747952661566281815291,18
13,0x6d57a53a45343187905aad6ad8ed532d105697c1,0x607f4c5bb672230e8672085532f7e901544a7375,0xc02aaa39b223fe8d0a0e5c4f27ead9083c756cc2,10444833408866924022,0x75382c52b6f90b3f8014bfcadac2386513f1e3bc,50975845685813373808,0x607f4c5bb672230e8672085532f7e901544a7375,11509067734027,10444833408866924022,55550163691454,50975845685813373808,11509067734027,55550163691454,9
14,0x8bd1661da98ebdd3bd080f0be4e6d9be8ce9858c,0x408e41876cccdc0f92210600ef50372656052a38,0xc02aaa39b223fe8d0a0e5c4f27ead9083c756cc2,105339507275736020960,0x611cde65dea90918c0078ac0400a72b0d25b9bb1,25465048360068601588,0x408e41876cccdc0f92210600ef50372656052a38,1897520011281646124973736,104933218730286564613,459405185797330240304437,25465048360068601588,1897520011281646124973736,459405185797330240304437,18
15,0xb4d0d9df2738abe81b87b66c80851292492d1404,0x0000000000085d4780b73119b644ae5ecd22b376,0xc02aaa39b223fe8d0a0e5c4f27ead9083c756cc2,7682070795386182430,0x760166fa4f227da29ecac3bec348f5fa853a1f3c,47020730124735276728,0x0000000000085d4780b73119b644ae5ecd22b376,13135074724860134353364,7682070795386182430,80835847697906107968065,47020730124735276728,13135074724860134353364,80835847697906107968065,18
16,0x819f3450da6f110ba6ea52195b3beafa246062de,0x7d1afa7b718fb893db30a3abc0cfc608aacfebb0,0xc02aaa39b223fe8d0a0e5c4f27ead9083c756cc2,387930243048576793176,0x7f8f7dd53d1f3ac1052565e3ff451d7fe666a311,11101380342522707156,0x7d1afa7b718fb893db30a3abc0cfc608aacfebb0,563864467917612231603075,387930243048576793176,16131033890852116639521,11101380342522707156,563864467917612231603075,16131033890852116639521,18
17,0x88d97d199b9ed37c29d846d00d443de980832a22,0x04fa0d235c4abf4bcf4787af4cf447de572ef828,0xc02aaa39b223fe8d0a0e5c4f27ead9083c756cc2,7328367328842731799,0x001b6450083e531a5a7bf310bd2c1af4247e23d4,88693839367853591850,0x04fa0d235c4abf4bcf4787af4cf447de572ef828,5868783031206722311437,7328367328842731799,72464706849943932306390,88693839367853591850,5868783031206722311437,72464706849943932306390,18
18,0x0d4a11d5eeaac28ec3f61d100daf4d40471f1852,0xc02aaa39b223fe8d0a0e5c4f27ead9083c756cc2,0xdac17f958d2ee523a2206206994597c13d831ec7,12832789921751571298335,0x06da0fd433c1a5d7a4faa01111c044910a184553,7264254241483683822659,0xdac17f958d2ee523a2206206994597c13d831ec7,12829073863080678146738,21991920639481,7264254241483683822659,12457237101273,21991920639481,12457237101273,6
19,0xf421c3f2e695c2d4c0765379ccace8ade4a480d9,0xba11d00c5f74255f56a5e366f4f77f5a186d7f55,0xc02aaa39b223fe8d0a0e5c4f27ead9083c756cc2,10429075520766428666,0xa75f7c2f025f470355515482bde9efa8153536a8,203263970787998135090,0xba11d00c5f74255f56a5e366f4f77f5a186d7f55,10671497438860734971798,10429075520766428666,208428988919246263716478,203263970787998135090,10671497438860734971798,208428988919246263716478,18
20,0xab3f9bf1d81ddb224a2014e98b238638824bcf20,0x80fb784b7ed66730e8b1dbd9820afd29931aab03,0xc02aaa39b223fe8d0a0e5c4f27ead9083c756cc2,44605429861036921430,0x5e63360e891bd60c69445970256c260b0a6a54c6,7478675039485361343,0x80fb784b7ed66730e8b1dbd9820afd29931aab03,97265223810317278758664,44605429861036921430,16192478717518769075552,7478675039485361343,97265223810317278758664,16192478717518769075552,18
21,0x2a66392317698c5818df7a72a58556049f0ae6f2,0xc02aaa39b223fe8d0a0e5c4f27ead9083c756cc2,0xf293d23bf2cdc05411ca0eddd588eb1977e8dcd4,124990526583395442340,0x0b1ed1d00197ce84f0c86003ec4c7f2f06538abc,15250659024440779897,0xf293d23bf2cdc05411ca0eddd588eb1977e8dcd4,124990526583395442340,108205356058927995877283695,15250659024440779897,13296938091862826816544524,108205356058927995877283695,13296938091862826816544524,18
22,0x3b3d4eefdc603b232907a7f3d0ed1eea5c62b5f7,0x0ae055097c6d159879521c384f1d2123d1f195e6,0xc02aaa39b223fe8d0a0e5c4f27ead9083c756cc2,10104208226616405158,0x9fc5b87b74b9bd239879491056752eb90188106d,1527827858707856679,0x0ae055097c6d159879521c384f1d2123d1f195e6,24951468826947991713569,10104208226616405158,3834425279963955778427,1527827858707856679,24951468826947991713569,3834425279963955778427,18
23,0x48e313460dd00100e22230e56e0a87b394066844,0xc02aaa39b223fe8d0a0e5c4f27ead9083c756cc2,0xd26114cd6ee289accf82350c8d8487fedb8a0c07,3381351031224902773,0x742c15d71ea7444964bc39b0ed729b3729adc361,6903457348829462751,0xd26114cd6ee289accf82350c8d8487fedb8a0c07,3381351031224902773,4116511535922729550255,6903457348829462751,8400198442765236991556,4116511535922729550255,8400198442765236991556,18
24,0xa986f2a12d85c44429f574ba50c0e21052b18ba1,0x55296f69f40ea6d20e478533c15a6b08b654e758,0xc02aaa39b223fe8d0a0e5c4f27ead9083c756cc2,23561334413580954788,0x0c967dff67bc0e7c4fb31b4bf67a513ae1752a00,22100235512773644289,0x55296f69f40ea6d20e478533c15a6b08b654e758,7895185655396559275609531,23561334413580954788,7416854778560250067504354,22100235512773644289,7895185655396559275609531,7416854778560250067504354,18
25,0xae2d4004241254aed3f93873604d39883c8259f0,0xc02aaa39b223fe8d0a0e5c4f27ead9083c756cc2,0xe3818504c1b32bf1557b16c238b2e01fd3149c17,125656630910478509514,0x8fedca1b2aa38dd751bf4cb329d2a1fc5b26e8f2,9962161129754184335,0xe3818504c1b32bf1557b16c238b2e01fd3149c17,125656630910478509514,38260598368652078921379993,9962161129754184335,3046505825427387387139010,38260598368652078921379993,3046505825427387387139010,18
26,0x5201883feeb05822ce25c9af8ab41fc78ca73fa9,0x8290333cef9e6d528dd5618fb97a76f268f3edd4,0xc02aaa39b223fe8d0a0e5c4f27ead9083c756cc2,10946806851165483504,0x1241f4a348162d99379a23e73926cf0bfcbf131e,2149978970905649603,0x8290333cef9e6d528dd5618fb97a76f268f3edd4,518656702836025928415003,10946806851165483504,102624268001437263823181,2149978970905649603,518656702836025928415003,102624268001437263823181,18
27,0xec6a6b7db761a5c9910ba8fcab98116d384b1b85,0x4c19596f5aaff459fa38b0f7ed92f11ae6543784,0xc02aaa39b223fe8d0a0e5c4f27ead9083c756cc2,25963611591991243735,0xfceaaf9792139bf714a694f868a215493461446d,332970112843526087097,0x4c19596f5aaff459fa38b0f7ed92f11ae6543784,45508646133993,25963611591991243735,591410875127925,332970112843526087097,45508646133993,591410875127925,8
28,0x2680a95fc9de215f1034f073185cc1f2a28b4107,0x8a854288a5976036a725879164ca3e91d30c6a1b,0xc02aaa39b223fe8d0a0e5c4f27ead9083c756cc2,9464415677327844490,0xbb19141e045b133169d7c7160c5e54a54cc821b2,35400171586351884747,0x8a854288a5976036a725879164ca3e91d30c6a1b,11491485671480100964784,9464415677327844490,42829412576015752626671,35400171586351884747,11491485671480100964784,42829412576015752626671,18
29,0x15ab0333985fd1e289adf4fbbe19261454776642,0xc02aaa39b223fe8d0a0e5c4f27ead9083c756cc2,0xec67005c4e498ec7f55e092bd1d35cbc47c91892,87330226860666121448,0x2f8ac927aa94293461c75406e90ec0ccfb2748d9,3093298133253326774,0xec67005c4e498ec7f55e092bd1d35cbc47c91892,87330226860666121448,6699123096545618061090,3093298133253326774,242704963160193384099,6699123096545618061090,242704963160193384099,18
30,0xcffdded873554f362ac02f8fb1f02e5ada10516f,0xc00e94cb662c3520282e6f5717214004a7f26888,0xc02aaa39b223fe8d0a0e5c4f27ead9083c756cc2,46752508123168370125,0x31503dcb60119a812fee820bb7042752019f2355,1352032048639595659679,0xc00e94cb662c3520282e6f5717214004a7f26888,1806012652721870479196,46752508123168370125,52099867205375720257866,1352032048639595659679,1806012652721870479196,52099867205375720257866,18
31,0xb1562400feaa849c363127bb847693cca05c1080,0x4730fb1463a6f1f44aeb45f6c5c422427f37f4d0,0xc02aaa39b223fe8d0a0e5c4f27ead9083c756cc2,5607790693750157055,0x38505b190a83383d4e75a6ac36fb3cd790389fff,2453252830661834158,0x4730fb1463a6f1f44aeb45f6c5c422427f37f4d0,7633994075876315800274646,5607790693750157055,3293109029026889230615713,2453252830661834158,7633994075876315800274646,3293109029026889230615713,18
32,0xff62b7767104ff2785ca4847b9445fd808516515,0x998ffe1e43facffb941dc337dd0468d52ba5b48a,0xc02aaa39b223fe8d0a0e5c4f27ead9083c756cc2,28014042375417774842,0xbe1da348fd61bb6bf70670490722eeefc72af92e,25771995825300206319,0x998ffe1e43facffb941dc337dd0468d52ba5b48a,74124615463,28014042375417774842,67933189133,25771995825300206319,74124615463,67933189133,2
33,0x1ffc57cada109985ad896a69fbcebd565db4290e,0x4e15361fd6b4bb609fa63c81a2be19d873717870,0xc02aaa39b223fe8d0a0e5c4f27ead9083c756cc2,28646482519256902477,0x0e26a21013f2f8c0362cfae608b4e69a249d5efc,98469164307368937034,0x4e15361fd6b4bb609fa63c81a2be19d873717870,109593602449656558825477,28646482519256902477,377343988382689063133118,98469164307368937034,109593602449656558825477,377343988382689063133118,18
34,0x8cb77ea869def8f7fdeab9e4da6cf02897bbf076,0x8ab7404063ec4dbcfd4598215992dc3f8ec853d7,0xc02aaa39b223fe8d0a0e5c4f27ead9083c756cc2,15481172786692549256,0x364248b2f1f57c5402d244b2d469a35b4c0e9dab,2173638782660343419,0x8ab7404063ec4dbcfd4598215992dc3f8ec853d7,5470180734916904639890598,15481172786692549256,810289992651787353634924,2173638782660343419,5470180734916904639890598,810289992651787353634924,18
35,0x2fdbadf3c4d5a8666bc06645b8358ab803996e28,0x0bc529c00c6401aef6d220be8c6ea1667f6ad93e,0xc02aaa39b223fe8d0a0e5c4f27ead9083c756cc2,116468689889815233174,0x088ee5007c98a9677165d78dd2109ae4a3d04d0c,1466231592603195655524,0x0bc529c00c6401aef6d220be8c6ea1667f6ad93e,23584975263545203091,116468689889815233174,297005329174104120514,1466231592603195655524,23584975263545203091,297005329174104120514,18
36,0x0d0d65e7a7db277d3e0f5e1676325e75f3340455,0xa3bed4e1c75d00fa6f4e5e6922db7261b5e9acd2,0xc02aaa39b223fe8d0a0e5c4f27ead9083c756cc2,23844017442375280152,0x663242d053057f317a773d7c262b700616d0b9a0,15092387687631538675,0xa3bed4e1c75d00fa6f4e5e6922db7261b5e9acd2,1329673665394428257582286,23844017442375280152,836954693572905087663745,15092387687631538675,1329673665394428257582286,836954693572905087663745,18
37,0x86fef14c27c78deaeb4349fd959caa11fc5b5d75,0xc02aaa39b223fe8d0a0e5c4f27ead9083c756cc2,0xfca59cd816ab1ead66534d82bc21e7515ce441cf,38860658203958773528,0x53aabccae8c1713a6a150d9981d2ee867d0720e8,5515342625448823620,0xfca59cd816ab1ead66534d82bc21e7515ce441cf,38860658203958773528,38934734154400097467992,5515342625448823620,5552988225623080109489,38934734154400097467992,5552988225623080109489,18
38,0xd64224a4c2bed96c75df9517b2d77aebb13f0e37,0x4bd70556ae3f8a6ec6c4080a0c327b24325438f3,0xc02aaa39b223fe8d0a0e5c4f27ead9083c756cc2,2424479288961527404,0xe53c884c5a297713197217509ffb654c9677b347,16951356736944393504,0x4bd70556ae3f8a6ec6c4080a0c327b24325438f3,35888920665751971516419,2424479288961527404,257032713728812774288483,16951356736944393504,35888920665751971516419,257032713728812774288483,18
39,0xf04543fbf20daee9b0357db966428ef2a4ae0f5a,0x50d1c9771902476076ecfc8b2a83ad6b9355a4c9,0xc02aaa39b223fe8d0a0e5c4f27ead9083c756cc2,1183491848847991786,0x7825de5586e4d2fd04459091bbe783fa243e1bf3,58907394217864781690,0x50d1c9771902476076ecfc8b2a83ad6b9355a4c9,1714743902503056657536,1183491848847991786,88400331168476476902925,58907394217864781690,1714743902503056657536,88400331168476476902925,18
40,0xddf9b7a31b32ebaf5c064c80900046c9e5b7c65f,0x2ba592f78db6436527729929aaf6c908497cb200,0xc02aaa39b223fe8d0a0e5c4f27ead9083c756cc2,18457874869657403801,0xf169cea51eb51774cf107c88309717dda20be167,37118665948346074930,0x2ba592f78db6436527729929aaf6c908497cb200,2677971018004103907598,18457874869657403801,5398245485407616931610,37118665948346074930,2677971018004103907598,5398245485407616931610,18
41,0x3c442bab170f19dd40d0b1a405c9d93b088b9332,0x595832f8fc6bf59c85c527fec3740a1b7a361269,0xc02aaa39b223fe8d0a0e5c4f27ead9083c756cc2,15635018812251816841,0x72075636be2603b91be1cda70fab6ef21ca86989,7939809194910120310,0x595832f8fc6bf59c85c527fec3740a1b7a361269,146052439471,15635018812251816841,73893134104,7939809194910120310,146052439471,73893134104,6
42,0xd3772a963790fede65646cfdae08734a17cd0f47,0xade00c28244d5ce17d72e40330b1c318cd12b7c3,0xc02aaa39b223fe8d0a0e5c4f27ead9083c756cc2,181167462901252608111,0x9cbc2a6ab3f10edf7d71c9cf3b6bdb7ee5629550,16938747453251296588,0xade00c28244d5ce17d72e40330b1c318cd12b7c3,1682876936784266347750433,181167462901252608111,157741611504250824410825,16938747453251296588,1682876936784266347750433,157741611504250824410825,18
43,0xcc3d1ecef1f9fd25599dbea2755019dc09db3c54,0x476c5e26a75bd202a9683ffd34359c0cc15be0ff,0xc02aaa39b223fe8d0a0e5c4f27ead9083c756cc2,6918484339813536485,0x117d4288b3635021a3d612fe05a3cbf5c717fef2,1930945836959542656,0x476c5e26a75bd202a9683ffd34359c0cc15be0ff,27843221197,6918484339813536485,7733337150,1930945836959542656,27843221197,7733337150,6
44,0x3da1313ae46132a397d90d95b1424a9a7e3e0fce,0xc02aaa39b223fe8d0a0e5c4f27ead9083c756cc2,0xd533a949740bb3306d119cc777fa900ba034cd52,69980131717655967695,0x58dc5a51fe44589beb22e8ce67720b5bc5378009,135452867196923359341,0xd533a949740bb3306d119cc777fa900ba034cd52,69980131717655967695,126945589443481059662925,135452867196923359341,245755033100998151931589,126945589443481059662925,245755033100998151931589,18
45,0xce84867c3c02b05dc570d0135103d3fb9cc19433,0x6b3595068778dd592e39a122f4f5a5cf09c90fe2,0xc02aaa39b223fe8d0a0e5c4f27ead9083c756cc2,91611953402979484307,0x795065dcc9f64b5614c407a6efdc400da6221fb0,3425507096597538739825,0x6b3595068778dd592e39a122f4f5a5cf09c90fe2,132632002101839512033905,91611953402979484307,4959440490422194534070186,3425507096597538739825,132632002101839512033905,4959440490422194534070186,18
46,0xa2b04f8133fc25887a436812eae384e32a8a84f2,0xc02aaa39b223fe8d0a0e5c4f27ead9083c756cc2,0xddb3422497e61e13543bea06989c0789117555c5,67025049591590052406,0x717385e1a702f90b6eb8cd23150702ca7217b626,5008484415013775695,0xddb3422497e61e13543bea06989c0789117555c5,67025049591590052406,1527195154145915380566179,5008484415013775695,114919929703535185993256,1527195154145915380566179,114919929703535185993256,18
47,0x12d4444f96c644385d8ab355f6ddf801315b6254,0x38e4adb44ef08f22f5b5b76a8f0c2d0dcbe7dca1,0xc02aaa39b223fe8d0a0e5c4f27ead9083c756cc2,314543445573887458126,0x1c580cc549d03171b13b55074dc1658f60641c73,2903281042921715530,0x38e4adb44ef08f22f5b5b76a8f0c2d0dcbe7dca1,1055415211777961854886399,313845559488555416768,9729569441323958137727,2903281042921715530,1055415211777961854886399,9729569441323958137727,18
48,0x56feaccb7f750b997b36a68625c7c596f0b41a58,0xa0246c9032bc3a600820415ae600c6388619a14d,0xc02aaa39b223fe8d0a0e5c4f27ead9083c756cc2,38724296901172309754,0x69b39b89f9274a16e8a19b78e5eb47a4d91dac9e,4465574502153910239,0xa0246c9032bc3a600820415ae600c6388619a14d,1826276744256797558528,38724296901172309754,210632749085308310838,4465574502153910239,1826276744256797558528,210632749085308310838,18
49,0x724d5c9c618a2152e99a45649a3b8cf198321f46,0x557b933a7c2c45672b610f8954a3deb39a51a8ca,0xc02aaa39b223fe8d0a0e5c4f27ead9083c756cc2,29603287596579607387,0xc926990039045611eb1de520c1e249fd0d20a8ea,19478635432680114977,0x557b933a7c2c45672b610f8954a3deb39a51a8ca,3719925205363739475417719,29603287596579607387,2467155990032123086796261,19478635432680114977,3719925205363739475417719,2467155990032123086796261,18
50,0x08650bb9dc722c9c8c62e79c2bafa2d3fc5b3293,0xc02aaa39b223fe8d0a0e5c4f27ead9083c756cc2,0xff20817765cb7f73d4bde2e66e067e58d11095c2,24462804129198195885,0x15e86e6f65ef7ea1dbb72a5e51a07926fb1c82e3,41255345496724715730,0xff20817765cb7f73d4bde2e66e067e58d11095c2,24462804129198195885,9911072317029811105838416,41255345496724715730,16844583288161650864205452,9911072317029811105838416,16844583288161650864205452,18
51,0xdc98556ce24f007a5ef6dc1ce96322d65832a819,0x429881672b9ae42b8eba0e26cd9c73711b891ca5,0xc02aaa39b223fe8d0a0e5c4f27ead9083c756cc2,49704353412028146986,0x269db91fc3c7fcc275c2e6f22e5552504512811c,47785094252203423149,0x429881672b9ae42b8eba0e26cd9c73711b891ca5,62063150056372753211539,49546708177638060799,59545200345882403533869,47785094252203423149,62063150056372753211539,59545200345882403533869,18
52,0x4d5ef58aac27d99935e5b6b4a6778ff292059991,0x1494ca1f11d487c2bbe4543e90080aeba4ba3c2b,0xc02aaa39b223fe8d0a0e5c4f27ead9083c756cc2,313467747703687199951,0x34b13f8cd184f55d0bd4dd1fe6c07d46f245c7ed,27331023027995283485,0x1494ca1f11d487c2bbe4543e90080aeba4ba3c2b,6656322609892031991908,313467747703687199951,578700145138205607926,27331023027995283485,6656322609892031991908,578700145138205607926,18
53,0xf66369997ae562bc9eec2ab9541581252f9ca383,0xbc396689893d065f41bc2c6ecbee5e0085233447,0xc02aaa39b223fe8d0a0e5c4f27ead9083c756cc2,1615756233522336665,0x8486c538dcbd6a707c5b3f730b6413286fe8c854,2892927525560544439,0xbc396689893d065f41bc2c6ecbee5e0085233447,3027263022203130993244,1615756233522336665,5474825744237626642566,2892927525560544439,3027263022203130993244,5474825744237626642566,18
54,0x1273ad5d8f3596a7a39efdb5a4b8f82e8f003fc3,0x584bc13c7d411c00c01a62e8019472de68768430,0xc02aaa39b223fe8d0a0e5c4f27ead9083c756cc2,1523135419616147933,0x6463bd6026a2e7bfab5851b62969a92f7cca0eb6,8545900211102337552,0x584bc13c7d411c00c01a62e8019472de68768430,127438259321352419907492,1523135419616147933,735185821034297695218579,8545900211102337552,127438259321352419907492,735185821034297695218579,18
55,0xbe19c32b4cd202407e8eeb73e4e2949438461ae3,0x15d4c048f83bd7e37d49ea4c83a07267ec4203da,0xc02aaa39b223fe8d0a0e5c4f27ead9083c756cc2,25296655143660653422,0xfa405a40d3fe345e3d5e460c8d9da39ac0fb13bd,7714183328684686096,0x15d4c048f83bd7e37d49ea4c83a07267ec4203da,106127219457083,25207079990036665615,32127394028248,7714183328684686096,106127219457083,32127394028248,8
56,0xa1444ac5b8ac4f20f748558fe4e848087f528e00,0x5f64ab1544d28732f0a24f4713c2c8ec0da089f0,0xc02aaa39b223fe8d0a0e5c4f27ead9083c756cc2,60799790478235115484,0xd3c41c080a73181e108e0526475a690f3616a859,2884732521607108776,0x5f64ab1544d28732f0a24f4713c2c8ec0da089f0,795113822761486869385910,60799790478235115484,38008087849695838404826,2884732521607108776,795113822761486869385910,38008087849695838404826,18
57,0xd3d2e2692501a5c9ca623199d38826e513033a17,0x1f9840a85d5af5bf1d1762f925bdaddc4201f984,0xc02aaa39b223fe8d0a0e5c4f27ead9083c756cc2,3292872533782510983773,0xdafd66636e2561b0284edde37e42d192f2844d40,69999796751761576121,0x1f9840a85d5af5bf1d1762f925bdaddc4201f984,929239011539189926443905,3293305360067124642432,19732274573694470984497,69999796751761576121,929239011539189926443905,19732274573694470984497,18
58,0x3f75a5b408feb14cba3d21bd934dc5b88908f105,0x86ed939b500e121c0c5f493f399084db596dad20,0xc02aaa39b223fe8d0a0e5c4f27ead9083c756cc2,7659259412008155204,0xe364992388319410c62eb4595d848c8ceb41172b,50657209183403581002,0x86ed939b500e121c0c5f493f399084db596dad20,751286679558986198269436,7659259412008155204,5014153784030814141787696,50657209183403581002,751286679558986198269436,5014153784030814141787696,18
59,0xfaab5238f5d2163e25518b0c1af205da0f783dd0,0x9d47894f8becb68b9cf3428d256311affe8b068b,0xc02aaa39b223fe8d0a0e5c4f27ead9083c756cc2,2485091962438126598,0x67e475577b4036ee4f0f12fa2d538ed18cef48e3,4505702243886514559,0x9d47894f8becb68b9cf3428d256311affe8b068b,2070702875446849652538,2485091962438126598,3705774440069095834448,4505702243886514559,2070702875446849652538,3705774440069095834448,18
60,0x9b7dad79fc16106b47a3dab791f389c167e15eb0,0x967da4048cd07ab37855c090aaf366e4ce1b9f48,0xc02aaa39b223fe8d0a0e5c4f27ead9083c756cc2,285584851001815928770,0xee35e548c7457fcdd51ae95ed09108be660ea374,76913142383768096689,0x967da4048cd07ab37855c090aaf366e4ce1b9f48,1205543127096951018347524,286214235767440928770,326403650269725012724308,76913142383768096689,1205543127096951018347524,326403650269725012724308,18
61,0xdfc14d2af169b0d36c4eff567ada9b2e0cae044f,0x7fc66500c84a76ad7e9c93437bfc5ac33e2ddae9,0xc02aaa39b223fe8d0a0e5c4f27ead9083c756cc2,54673516811832942228,0xd75ea151a61d06868e31f8988d28dfe5e9df57b4,256988663701156446699,0x7fc66500c84a76ad7e9c93437bfc5ac33e2ddae9,1217348654272408331752,54673516811832942228,5728267317138878418691,256988663701156446699,1217348654272408331752,5728267317138878418691,18
62,0xe8846b27988ff52c371d5bd27bf8dba4097c93d2,0xad32a8e6220741182940c5abf610bde99e737b2d,0xc02aaa39b223fe8d0a0e5c4f27ead9083c756cc2,31824333245903226691,0x97f34c8e5992eb985c5f740e7ee8c7e48a1de76a,86308831198722230417,0xad32a8e6220741182940c5abf610bde99e737b2d,735198303051471231010663,31824333245903226691,1993596022635437016597123,86308831198722230417,735198303051471231010663,1993596022635437016597123,18
63,0x3452a7f30a712e415a0674c0341d44ee9d9786f9,0x0954906da0bf32d5479e25f46056d22f08464cab,0xc02aaa39b223fe8d0a0e5c4f27ead9083c756cc2,4046777045072925957,0xa73df646512c82550c2b3c0324c4eedee53b400c,16533318090260405956,0x0954906da0bf32d5479e25f46056d22f08464cab,3407720215286320246115,4046777045072925957,13752308311112122624389,16533318090260405956,3407720215286320246115,13752308311112122624389,18
64,0x60b2cc2c6ecd3dd89b4fd76818ef83186e2f2931,0xa1faa113cbe53436df28ff0aee54275c13b40975,0xc02aaa39b223fe8d0a0e5c4f27ead9083c756cc2,3320106811084402069,0xf55c33d94150d93c2cfb833bcca30be388b14964,127855936606647681981,0xa1faa113cbe53436df28ff0aee54275c13b40975,52221196884385799306927,3320106811084402069,1994051887212237223785476,127855936606647681981,52221196884385799306927,1994051887212237223785476,18
65,0x99dfde431b40321a35deb6aeb55cf338ddd6eccd,0x0202be363b8a4820f3f4de7faf5224ff05943ab1,0xc02aaa39b223fe8d0a0e5c4f27ead9083c756cc2,431464671406038272804,0xc4b26b26d720467d96e18f08664a888d4116cea6,55257766150401968950,0x0202be363b8a4820f3f4de7faf5224ff05943ab1,1620594107255117486388842,431464671406038272804,207730132696133146419454,55257766150401968950,1620594107255117486388842,207730132696133146419454,18
66,0x3a8afc58b70b34a0a5615d3a5ffe623ca1fa92b8,0x4fe83213d56308330ec302a8bd641f1d0113a4cc,0xc02aaa39b223fe8d0a0e5c4f27ead9083c756cc2,25013642215580830141,0x04444d365324134e58104b1d874d00dc68dcea53,2048001740407973918,0x4fe83213d56308330ec302a8bd641f1d0113a4cc,311430048701937462647252,25013642215580830141,25448182239747962361362,2048001740407973918,311430048701937462647252,25448182239747962361362,18
67,0x3c70f4faea49e50adc8305f2e1aa0ea326a54ffc,0xc02aaa39b223fe8d0a0e5c4f27ead9083c756cc2,0xe28b3b32b6c345a34ff64674606124dd5aceca30,6521025092117669927,0xfb3cd0b8a5371fe93ef92e3988d30df7931e2820,65456463971137882425,0xe28b3b32b6c345a34ff64674606124dd5aceca30,6521025092117669927,2664188125999774501473,65456463971137882425,26420739911483486125359,2664188125999774501473,26420739911483486125359,18
68,0x5cd0dba2365c35620d6cb938385a029199a9a293,0x1416946162b1c2c871a73b07e932d2fb6c932069,0xc02aaa39b223fe8d0a0e5c4f27ead9083c756cc2,5611089163278459113,0x913f64a61b6ed70f658d23bbc84665d07be79aac,1137805885046028651,0x1416946162b1c2c871a73b07e932d2fb6c932069,45596318997193025964236,5611089163278459113,9203380463426697815679,1137805885046028651,45596318997193025964236,9203380463426697815679,18
69,0x4214290310264a27b0ba8cff02b4c592d0234aa1,0xa1d6df714f91debf4e0802a542e13067f31b8262,0xc02aaa39b223fe8d0a0e5c4f27ead9083c756cc2,129861682261585504513,0xc44821a9c3d8835cba6d17f4c4db4133b1d7c382,1301793289719127160,0xa1d6df714f91debf4e0802a542e13067f31b8262,14745227870105803890843852,129861682261585504513,144850275788471308406533,1301793289719127160,14745227870105803890843852,144850275788471308406533,18
70,0x9def9511fec79f83afcbffe4776b1d817dc775ae,0xa117000000f279d81a1d3cc75430faa017fa5a2e,0xc02aaa39b223fe8d0a0e5c4f27ead9083c756cc2,517013337514597322078,0x201e6a9e75df132a8598720433af35fe8d73e94d,2669240699079404000,0xa117000000f279d81a1d3cc75430faa017fa5a2e,373299078823254884313180,517013337514597322078,1863382537858679170671,2669240699079404000,373299078823254884313180,1863382537858679170671,18
71,0x87febfb3ac5791034fd5ef1a615e9d9627c2665d,0x1ceb5cb57c4d4e2b2433641b95dd330a33185a44,0xc02aaa39b223fe8d0a0e5c4f27ead9083c756cc2,8218779858644306512,0xaf988aff99d3d0cb870812c325c588d8d8cb7de8,187837949712676553110,0x1ceb5cb57c4d4e2b2433641b95dd330a33185a44,168715503101689159525,8218779858644306512,3839749678231079169971,187837949712676553110,168715503101689159525,3839749678231079169971,18
72,0x32d588fd4d0993378995306563a04af5fa162dec,0xc02aaa39b223fe8d0a0e5c4f27ead9083c756cc2,0xea319e87cf06203dae107dd8e5672175e3ee976c,121897970134393672759,0x0bff31d8179da718a7ee3669853cf9978c90a24a,1041345075641269325,0xea319e87cf06203dae107dd8e5672175e3ee976c,121897970134393672759,4687625341736504339034614,1041345075641269325,38629035426485601620511,4687625341736504339034614,38629035426485601620511,18
73,0x70ec2fa6eccf4010eaf572d1c1a7bcbc72dec983,0xc02aaa39b223fe8d0a0e5c4f27ead9083c756cc2,0xfa5047c9c78b8877af97bdcb85db743fd7313d4a,305097585531918359800,0xf13eef1c6485348b9c9fa0d5df2d89accc5b0147,117408565150625143169,0xfa5047c9c78b8877af97bdcb85db743fd7313d4a,305097585531918359800,27573501725380207490091,117408565150625143169,10584987323235752783691,27573501725380207490091,10584987323235752783691,18
74,0x24b24af104c961da1ba5bccce4410d49aa558477,0xc02aaa39b223fe8d0a0e5c4f27ead9083c756cc2,0xf5d669627376ebd411e34b98f19c868c8aba5ada,17844667712042007524,0x35a0d9579b1e886702375364fe9c540f97e4517b,1575672345201195699,0xf5d669627376ebd411e34b98f19c868c8aba5ada,17844667712042007524,2524069574409572932937,1575672345201195699,220837073450636815035,2524069574409572932937,220837073450636815035,18
75,0x9c18a2f9545112ab2fcbdd228536562406a53232,0x630d98424efe0ea27fb1b3ab7741907dffeaad78,0xc02aaa39b223fe8d0a0e5c4f27ead9083c756cc2,31928002497192020019,0x5399a36f54ca91a5db5c148eeb2b909bba81b82c,5214641407508036353,0x630d98424efe0ea27fb1b3ab7741907dffeaad78,1745641317315005,31928002497192020019,278632525320278,5214641407508036353,1745641317315005,278632525320278,8
76,0xd07d430db20d2d7e0c4c11759256adbcc355b20c,0x903bef1736cddf2a537176cf3c64579c3867a881,0xc02aaa39b223fe8d0a0e5c4f27ead9083c756cc2,19548503358315418748,0x9cd028b1287803250b1e226f0180eb725428d069,269048139186478950216,0x903bef1736cddf2a537176cf3c64579c3867a881,8988895491646,19548503358315418748,121930196140698,269048139186478950216,8988895491646,121930196140698,9
77,0x75001b3ffe0f77864c7dc64c55e1e22b205e4a07,0x45080a6531d671ddff20db42f93792a489685e32,0xc02aaa39b223fe8d0a0e5c4f27ead9083c756cc2,52729882524344557852,0x96335e7cdbcd91fb33c26991b00cc13a87a811b9,15287595750637374329,0x45080a6531d671ddff20db42f93792a489685e32,115969214740915526423629863,52729882524344557852,33761013667861556934438189,15287595750637374329,115969214740915526423629863,33761013667861556934438189,18
78,0xc76225124f3caab07f609b1d147a31de43926cd6,0xb753428af26e81097e7fd17f40c88aaa3e04902c,0xc02aaa39b223fe8d0a0e5c4f27ead9083c756cc2,25187844707603443193,0x23a9292830fc80db7f563edb28d2fe6fb47f8624,4286249361449806832,0xb753428af26e81097e7fd17f40c88aaa3e04902c,888964072863230914807,25187844707603443193,146193955267373659642,4286249361449806832,888964072863230914807,146193955267373659642,18
79,0xb5f790a03b7559312d9e738df5056a4b4c8459f4,0x7dd9c5cba05e151c895fde1cf355c9a1d5da6429,0xc02aaa39b223fe8d0a0e5c4f27ead9083c756cc2,533044729949347645015,0x56820f78efd1061d174f7a460cfd9d8e4283069b,1539339912320057706,0x7dd9c5cba05e151c895fde1cf355c9a1d5da6429,3538803399779697065197942,533044729949347645015,10128931740336687018610,1539339912320057706,3538803399779697065197942,10128931740336687018610,18
80,0x4d96369002fc5b9687ee924d458a7e5baa5df34e,0x8888801af4d980682e47f1a9036e589479e835c5,0xc02aaa39b223fe8d0a0e5c4f27ead9083c756cc2,12135799565581870969,0xb2c29e311916a346304f83aa44527092d5bd4f0f,12117335954252229332,0x8888801af4d980682e47f1a9036e589479e835c5,8026984590126128151800,12135799565581870969,7765188103730256047663,12117335954252229332,8026984590126128151800,7765188103730256047663,18
81,0x48a91882552dad988ae758fcb7070b8e9844dec5,0x1f3f9d3068568f8040775be2e8c03c103c61f3af,0xc02aaa39b223fe8d0a0e5c4f27ead9083c756cc2,148053048832526981967,0x4441eb3076f828d5176f4fe74d7c775542dae106,5040980138035031093,0x1f3f9d3068568f8040775be2e8c03c103c61f3af,2792769650777279393565162,148053048832526981967,92196039144122284108417,5040980138035031093,2792769650777279393565162,92196039144122284108417,18
82,0x8da66b6e90cac30db0dce239086cfdb2dbf66a30,0xb1f871ae9462f1b2c6826e88a7827e76f86751d4,0xc02aaa39b223fe8d0a0e5c4f27ead9083c756cc2,8201609759622081986,0x16d6ddf22ffdbc3793400aaeeb2ab51dcfb9e428,4624566824790395655,0xb1f871ae9462f1b2c6826e88a7827e76f86751d4,208960776553263591826734,8201609759622081986,117139677990643618252410,4624566824790395655,208960776553263591826734,117139677990643618252410,18
83,0x29a9777da2bacd8c4a28b6fd8247c4ca4f098f12,0x875773784af8135ea0ef43b5a374aad105c5d39e,0xc02aaa39b223fe8d0a0e5c4f27ead9083c756cc2,6472902534738087907,0xa7f11e026a0af768d285360a855f2bded3047530,20688600512961769621,0x875773784af8135ea0ef43b5a374aad105c5d39e,26531547096660435877084,6472902534738087907,83638623713003539863449,20688600512961769621,26531547096660435877084,83638623713003539863449,18
84,0x4dd26482738be6c06c31467a19dcda9ad781e8c4,0x0b38210ea11411557c13457d4da7dc6ea731b88a,0xc02aaa39b223fe8d0a0e5c4f27ead9083c756cc2,27344767514850357008,0xa8aec03d5cf2824fd984ee249493d6d4d6740e61,13635839439621528679,0x0b38210ea11411557c13457d4da7dc6ea731b88a,33110922479008665281776,27344767514850357008,16339014791862327834628,13635839439621528679,33110922479008665281776,16339014791862327834628,18
85,0xde5b7ff5b10cc5f8c95a2e2b643e3abf5179c987,0x07150e919b4de5fd6a63de1f9384828396f25fdc,0xc02aaa39b223fe8d0a0e5c4f27ead9083c756cc2,25231630346806053939,0xd8b8b575c943f3d63638c9563b464d204ed8b710,1106904842249457503,0x07150e919b4de5fd6a63de1f9384828396f25fdc,63340773156116,25231630346806053939,2878038856460,1106904842249457503,63340773156116,2878038856460,9
86,0x01688e1a356c38a8ed7c565bf6c6bfd59543a560,0x0c7d5ae016f806603cb1782bea29ac69471cab9c,0xc02aaa39b223fe8d0a0e5c4f27ead9083c756cc2,12752848172107789458,0x281df7fc89294c84afa2a21ffee8f6807f9c9226,15378876004036252400,0x0c7d5ae016f806603cb1782bea29ac69471cab9c,322011142422635699412770,12752848172107789458,388810178697770856968374,15378876004036252400,322011142422635699412770,388810178697770856968374,18
87,0x44c21f5dcb285d92320ae345c92e8b6204be8cdf,0xc02aaa39b223fe8d0a0e5c4f27ead9083c756cc2,0xee06a81a695750e71a662b51066f2c74cf4478a0,39486071426752646062,0xd3da6236aecb6b55f571249c011b8eec340a418e,1025656484057004740,0xee06a81a695750e71a662b51066f2c74cf4478a0,39486071426752646062,1948879770543567912518,1025656484057004740,50431731667355621346,1948879770543567912518,50431731667355621346,18
88,0x9973bb0fe5f8df5de730776df09e946c74254fb3,0x374cb8c27130e2c9e04f44303f3c8351b9de61c1,0xc02aaa39b223fe8d0a0e5c4f27ead9083c756cc2,45371278776511584645,0x0eee7f7319013df1f24f5eaf83004fcf9cf49245,40744362880888549877,0x374cb8c27130e2c9e04f44303f3c8351b9de61c1,1946721896165941954968936186,45371278776511584645,1736549567462327201423110870,40744362880888549877,1946721896165941954968936186,1736549567462327201423110870,18
89,0x6147805e1011417b93e5d693424a62a70d09d0e5,0xc02aaa39b223fe8d0a0e5c4f27ead9083c756cc2,0xe95a203b1a91a908f9b9ce46459d101078c2c3cb,50496846564986672209,0xfa5bc40c3bd5afa8bc2fe6b84562fee16fb2df5f,11507512694400411018,0xe95a203b1a91a908f9b9ce46459d101078c2c3cb,50496846564986672209,46730995702400397571,11507512694400411018,10696555230163515943,46730995702400397571,10696555230163515943,18
90,0xfd0a40bc83c5fae4203dec7e5929b446b07d1c76,0x853d955acef822db058eb8505911ed77f175b99e,0xc02aaa39b223fe8d0a0e5c4f27ead9083c756cc2,3209428295459653101,0xec8c342bc3e07f05b9a782bc34e7f04fb9b44502,30670251297901396486,0x853d955acef822db058eb8505911ed77f175b99e,5403689545424251334377,3209428295459653101,52301886765054959983226,30670251297901396486,5403689545424251334377,52301886765054959983226,18
91,0xecba967d84fcf0405f6b32bc45f4d36bfdbb2e81,0x3432b6a60d23ca0dfca7761b7ab56459d9c964d0,0xc02aaa39b223fe8d0a0e5c4f27ead9083c756cc2,58311118572543384151,0x61eb53ee427ab4e007d78a9134aacb3101a2dc23,1075217175711048087473,0x3432b6a60d23ca0dfca7761b7ab56459d9c964d0,11686614629505361646245,58311118572543384151,216428449642330173278087,1075217175711048087473,11686614629505361646245,216428449642330173278087,18
92,0x2e81ec0b8b4022fac83a21b2f2b4b8f5ed744d70,0xc02aaa39b223fe8d0a0e5c4f27ead9083c756cc2,0xc944e90c64b2c07662a292be6244bdf05cda44a7,102847468413178168093,0x7b504a15ef05f4eed1c07208c5815c49022a0c19,35868615556990738278,0xc944e90c64b2c07662a292be6244bdf05cda44a7,102847468413178168093,1170336762070957635223495,35868615556990738278,410448317439990714948033,1170336762070957635223495,410448317439990714948033,18
93,0x0c722a487876989af8a05fffb6e32e45cc23fb3a,0x77777feddddffc19ff86db637967013e6c6a116c,0xc02aaa39b223fe8d0a0e5c4f27ead9083c756cc2,47254215686179709876,0xb270176ba6075196df88b855c3ec7776871fdb33,10844844275497913889,0x77777feddddffc19ff86db637967013e6c6a116c,11570525157840679789690,47254215686179709876,2617743213586036781694,10844844275497913889,11570525157840679789690,2617743213586036781694,18
94,0x62f22a47e5d2f8b71cc44fd85863753618312f67,0xc02aaa39b223fe8d0a0e5c4f27ead9083c756cc2,0xe0ad1806fd3e7edf6ff52fdb822432e847411033,18525788603909635217,0x0652687e87a4b8b5370b05bc298ff00d205d9b5f,21837948126229655033,0xe0ad1806fd3e7edf6ff52fdb822432e847411033,18525788603909635217,532301408334231470776003,21837948126229655033,622262157272123693594588,532301408334231470776003,622262157272123693594588,18
95,0x26aad2da94c59524ac0d93f6d6cbf9071d7086f2,0x111111111117dc0aa78b770fa6a738034120c302,0xc02aaa39b223fe8d0a0e5c4f27ead9083c756cc2,49746165437864695194,0x86f518368e0d49d5916e2bd9eb162e9952b7b04d,1352180544408737233,0x111111111117dc0aa78b770fa6a738034120c302,168649037702087740612172,49746165437864695194,4541387038020881772017,1352180544408737233,168649037702087740612172,4541387038020881772017,18
96,0xc301f34fbfc16b9b35483db582e15bb06a45e267,0x9f9913853f749b3fe6d6d4e16a1cc3c1656b6d51,0xc02aaa39b223fe8d0a0e5c4f27ead9083c756cc2,2809188428354401709,0x30de97336d498c49a8595d15480954b8db1ca4ec,10301471184469145582,0x9f9913853f749b3fe6d6d4e16a1cc3c1656b6d51,169398418798671699150651,2809188428354401709,598784046584276649768181,10301471184469145582,169398418798671699150651,598784046584276649768181,18
97,0x454f11d58e27858926d7a4ece8bfea2c33e97b13,0x5a98fcbea516cf06857215779fd812ca3bef1b32,0xc02aaa39b223fe8d0a0e5c4f27ead9083c756cc2,138902358364797360873,0xc558f600b34a5f69dd2f0d06cb8a88d829b7420a,317944109729819178851,0x5a98fcbea516cf06857215779fd812ca3bef1b32,95990638734625474367295,138902358364797360873,219446803334125691932668,317944109729819178851,95990638734625474367295,219446803334125691932668,18
98,0x7b890092f81b337ed68fba266afc7b4c3710a55b,0x87d73e916d7057945c9bcd8cdd94e42a6f47f776,0xc02aaa39b223fe8d0a0e5c4f27ead9083c756cc2,2984921774983966415,0x31d64f9403e82243e71c2af9d8f56c7dbe10c178,16580433340676239173,0x87d73e916d7057945c9bcd8cdd94e42a6f47f776,279430435008235151700,2984921774983966415,1582955139001518499661,16580433340676239173,279430435008235151700,1582955139001518499661,18
99,0x60a39010e4892b862d1bb6bdde908215ac5af6f3,0xc02aaa39b223fe8d0a0e5c4f27ead9083c756cc2,0xd2877702675e6ceb975b4a1dff9fb7baf4c91ea9,23515307175581992303,0x88172e5d79fe75c7aed1453e89ff5d741cfa4ca7,2543585932257050577,0xd2877702675e6ceb975b4a1dff9fb7baf4c91ea9,23515307175581992303,325527592367985333469395182,2543585932257050577,35287416650012127443508456,325527592367985333469395182,35287416650012127443508456,18
100,0x8d2a4cc2e2ca0f7ab011b686449dc82c3af924c7,0x3155ba85d5f96b2d030a4966af206230e46849cb,0xc02aaa39b223fe8d0a0e5c4f27ead9083c756cc2,7013701063366023587,0xcc39592f5cb193a70f262aa301f54db1d600e6da,36194121827784022857,0x3155ba85d5f96b2d030a4966af206230e46849cb,10891554293892853953577,7013701063366023587,56117257284649100844329,36194121827784022857,10891554293892853953577,56117257284649100844329,18
101,0x15861b072abad08b24460add30b09e1481290f94,0x9c78ee466d6cb57a4d01fd887d2b5dfb2d46288f,0xc02aaa39b223fe8d0a0e5c4f27ead9083c756cc2,11737831946047868106,0xa872d244b8948dfd6cb7bd19f79e7c1bfb7db4a0,32858027221043013026,0x9c78ee466d6cb57a4d01fd887d2b5dfb2d46288f,1339499692956748500319,11737831946047868106,3827436783146256459936,32858027221043013026,1339499692956748500319,3827436783146256459936,18
102,0xc465c0a16228ef6fe1bf29c04fdb04bb797fd537,0x73968b9a57c6e53d41345fd57a6e6ae27d6cdb2f,0xc02aaa39b223fe8d0a0e5c4f27ead9083c756cc2,54862680281643071170,0x22def8cf4e481417cb014d9dc64975ba12e3a184,11371483149522509121,0x73968b9a57c6e53d41345fd57a6e6ae27d6cdb2f,267367793120326035263230,54862680281643071170,56186430328482827349209,11371483149522509121,267367793120326035263230,56186430328482827349209,18
103,0x648450d9c30b73e2229303026107a1f7eb639f6c,0x1337def16f9b486faed0293eb623dc8395dfe46a,0xc02aaa39b223fe8d0a0e5c4f27ead9083c756cc2,20298695438356786239,0x17a2194d55f52fd0c711e0e42b41975494bb109b,7372406606148084263,0x1337def16f9b486faed0293eb623dc8395dfe46a,6911083056952148407810515,20298695438356786239,2538891206833557688788104,7372406606148084263,6911083056952148407810515,2538891206833557688788104,18
104,0x438d3e9cacab4614a8f1613ac7b182378d76e1f8,0x2b89bf8ba858cd2fcee1fada378d5cd6936968be,0xc02aaa39b223fe8d0a0e5c4f27ead9083c756cc2,100251315208754762450,0x9c86bc3c72ab97c2234cba8c6c7069009465ae86,4978415946416734309,0x2b89bf8ba858cd2fcee1fada378d5cd6936968be,241649708645,100251315208754762450,11990870194,4978415946416734309,241649708645,11990870194,6
105,0xa9bd7eef0c7affbdbdae92105712e9ff8b06ed49,0x725c263e32c72ddc3a19bea12c5a0479a81ee688,0xc02aaa39b223fe8d0a0e5c4f27ead9083c756cc2,33793291929684385973,0x53813285cc60b13fcd2105c6472a47af01f8ac84,31625696597913407319,0x725c263e32c72ddc3a19bea12c5a0479a81ee688,4522194021703209847763173,33793291929684385973,4295819398458531877542927,31625696597913407319,4522194021703209847763173,4295819398458531877542927,18
106,0x1ee312a6d5fe7b4b8c25f0a32fca6391209ebebf,0xc02aaa39b223fe8d0a0e5c4f27ead9083c756cc2,0xeeaa40b28a2d1b0b08f6f97bb1dd4b75316c6107,352427263727922194525,0x7e6782e37278994d1e99f1a5d03309b4b249d919,40163543208923555380,0xeeaa40b28a2d1b0b08f6f97bb1dd4b75316c6107,352427263727922194525,1139950838737076412722315,40163543208923555380,131653345254465475068312,1139950838737076412722315,131653345254465475068312,18
107,0xbcffa1619ab3ce350480ae0507408a3c6c3572bd,0xc02aaa39b223fe8d0a0e5c4f27ead9083c756cc2,0xebd9d99a3982d547c5bb4db7e3b1f9f14b67eb83,84174511615117745193,0x77337ff10206480739a768124a18f3aa8c089153,14390800846799714783,0xebd9d99a3982d547c5bb4db7e3b1f9f14b67eb83,84174511615117745193,3387368310970839522296300,14390800846799714783,567098802163325685251091,3387368310970839522296300,567098802163325685251091,18
108,0x7dd3f5705504002dc946aeafe6629b9481b72272,0x0f51bb10119727a7e5ea3538074fb341f56b09ad,0xc02aaa39b223fe8d0a0e5c4f27ead9083c756cc2,109789347618079435106,0x96f5b7c2be10dc7de02fa8858a8f1bd19c2fa72a,17596124158857675588,0x0f51bb10119727a7e5ea3538074fb341f56b09ad,105829786324328271805746,109908816618232419678,16788931849847478303344,17596124158857675588,105829786324328271805746,16788931849847478303344,18
109,0x80ddbeeb05788980caa0b1b433b40d4443f4439e,0xc02aaa39b223fe8d0a0e5c4f27ead9083c756cc2,0xc690f7c7fcffa6a82b79fab7508c466fefdfc8c5,58422517078065982822,0x913e197ab56469be9c6f1f1c84520a2ec8a05ebb,7972997266063486494,0xc690f7c7fcffa6a82b79fab7508c466fefdfc8c5,58422517078065982822,46199152810133937710673710,7972997266063486494,6307587213757832740960466,46199152810133937710673710,6307587213757832740960466,18
110,0x6d7b6dad6abed1dfa5eba37a6667ba9dcfd49077,0x1b40183efb4dd766f11bda7a7c3ad8982e998421,0xc02aaa39b223fe8d0a0e5c4f27ead9083c756cc2,8930770154801350308,0x132eeb05d5cb6829bd34f552cde0b6b708ef5014,12862850959497670958,0x1b40183efb4dd766f11bda7a7c3ad8982e998421,27261037067361588255947,8930770154801350308,39264186252275328375500,12862850959497670958,27261037067361588255947,39264186252275328375500,18
111,0x85cb0bab616fe88a89a35080516a8928f38b518b,0x0cec1a9154ff802e7934fc916ed7ca50bde6844e,0xc02aaa39b223fe8d0a0e5c4f27ead9083c756cc2,43386127814457377497,0x577959c519c24ee6add28ad96d3531bc6878ba34,6511492921353483227,0x0cec1a9154ff802e7934fc916ed7ca50bde6844e,69347092925494819187164,43386127814457377497,10368336795658250833339,6511492921353483227,69347092925494819187164,10368336795658250833339,18
112,0x25647e01bd0967c1b9599fa3521939871d1d0888,0xc02aaa39b223fe8d0a0e5c4f27ead9083c756cc2,0xe53ec727dbdeb9e2d5456c3be40cff031ab40a55,1688445644964850881482,0x62ccb80f72cc5c975c5bc7fb4433d3c336ce5ceb,10440929974405152816,0xe53ec727dbdeb9e2d5456c3be40cff031ab40a55,1689441193193342352711,23689829334307484109204124,10440929974405152816,143519694290464931428142,23689829334307484109204124,143519694290464931428142,18
113,0x4e9e73c0170f09e709573127c4ab02e57b868178,0x1c9922314ed1415c95b9fd453c3818fd41867d0b,0xc02aaa39b223fe8d0a0e5c4f27ead9083c756cc2,21851302114478236515,0xdbaa04796cb5c05d02b8a41b702d9b67c13c9fa9,8870267676603115325,0x1c9922314ed1415c95b9fd453c3818fd41867d0b,9089418066219621646756912,21851302114478236515,3643856573398832486173040,8870267676603115325,9089418066219621646756912,3643856573398832486173040,18
114,0xfaad1072e259b5ed342d3f16277477b46d379abc,0x126c121f99e1e211df2e5f8de2d96fa36647c855,0xc02aaa39b223fe8d0a0e5c4f27ead9083c756cc2,24030673459142016566,0xe8eb0f7b866a85da49401d04fffcfc1abbf24dfd,1968228648849403453,0x126c121f99e1e211df2e5f8de2d96fa36647c855,50251914016184978390952,24030673459142016566,3897967076355293248494,1968228648849403453,50251914016184978390952,3897967076355293248494,18
115,0x73e02eaab68a41ea63bdae9dbd4b7678827b2352,0x41d5d79431a913c4ae7d69a668ecdfe5ff9dfb68,0xc02aaa39b223fe8d0a0e5c4f27ead9083c756cc2,133030658299232574189,0x328dfd0139e26cb0fef7b0742b49b0fe4325f821,24198657067906551903,0x41d5d79431a913c4ae7d69a668ecdfe5ff9dfb68,4743442107936403224063,133030658299232574189,864708546164020204015,24198657067906551903,4743442107936403224063,864708546164020204015,18
116,0x5d8a31269a9f3336e3f23de17b2ec7393bdd6916,0xc02aaa39b223fe8d0a0e5c4f27ead9083c756cc2,0xd23ac27148af6a2f339bd82d0e3cff380b5093de,86007586425198715763,0x30045ad74f4475e82dcdc269952581ecb7cd2bad,19237953337534666420,0xd23ac27148af6a2f339bd82d0e3cff380b5093de,86007586425198715763,1506249717743088793865185,19237953337534666420,330402333506649663695349,1506249717743088793865185,330402333506649663695349,18
117,0x7d7e813082ef6c143277c71786e5be626ec77b20,0x9ea3b5b4ec044b70375236a281986106457b20ef,0xc02aaa39b223fe8d0a0e5c4f27ead9083c756cc2,9185295042511528678,0x1498bd576454159bb81b5ce532692a8752d163e8,2182967079918994782301,0x9ea3b5b4ec044b70375236a281986106457b20ef,1121948357413710194599,9185295042511528678,3138362456525835508291289,2182967079918994782301,1121948357413710194599,3138362456525835508291289,18
118,0x0efea698136d636e2babad10821e9064fe08f418,0xc02aaa39b223fe8d0a0e5c4f27ead9083c756cc2,0xf16e81dce15b08f326220742020379b855b87df9,10779320719369373830,0x94b86ca6f7a495930fe7f552eb9e4cbb5ef2b736,206494492630678102125,0xf16e81dce15b08f326220742020379b855b87df9,10779320719369373830,25250036190058098827829,206494492630678102125,477387739355034998367105,25250036190058098827829,477387739355034998367105,18
119,0xbc00e708c407d7633f7504434e74c13e171de7f1,0x3ebb4a4e91ad83be51f8d596533818b246f4bee1,0xc02aaa39b223fe8d0a0e5c4f27ead9083c756cc2,31478367646522506590,0x1976bf5cc90bac01e3ae21a6e5971a393638bcfa,11975238138993917282,0x3ebb4a4e91ad83be51f8d596533818b246f4bee1,2781307976665777212038269,31478367646522506590,1070250311632098448518935,11975238138993917282,2781307976665777212038269,1070250311632098448518935,18
120,0x37ac54dc7dd237eecfd0b61efdd57b15fe158be0,0x7bef710a5759d197ec0bf621c3df802c2d60d848,0xc02aaa39b223fe8d0a0e5c4f27ead9083c756cc2,24763642425725677984,0x1035487ca79068f6617ae75ed3c844ce2d8a0c2a,1769553662775327442,0x7bef710a5759d197ec0bf621c3df802c2d60d848,2875958153618026432941231,24763642425725677984,207449708297813185099272,1769553662775327442,2875958153618026432941231,207449708297813185099272,18
121,0x8fb8bf2b444e37379e46de8bb77c551bd008f0ad,0x767fe9edc9e0df98e07454847909b5e959d7ca0e,0xc02aaa39b223fe8d0a0e5c4f27ead9083c756cc2,1108140295900452384,0x6a091a3406e0073c3cd6340122143009adac0eda,18525704388626258107416,0x767fe9edc9e0df98e07454847909b5e959d7ca0e,27550917683574620305,1108140295900452384,467767151911971345253571,18525704388626258107416,27550917683574620305,467767151911971345253571,18
122,0x155c119abedc4996ba571cda949f50d83470d23d,0x6fc2f1044a3b9bb3e43a43ec8f840843ed753061,0xc02aaa39b223fe8d0a0e5c4f27ead9083c756cc2,92659251650454152934,0x36e06522f0555f35db55856b1dc3842b7b4cd830,7608671501115651168,0x6fc2f1044a3b9bb3e43a43ec8f840843ed753061,16661335948907025450867293,92659251650454152934,1370755238798352242333615,7608671501115651168,16661335948907025450867293,1370755238798352242333615,18
123,0x4c083084c9d50334b343c44ec97d16011303cc73,0xc02aaa39b223fe8d0a0e5c4f27ead9083c756cc2,0xd9016a907dc0ecfa3ca425ab20b6b785b42f2373,107586962711813884494,0xf68d0d896cc3b6ea1872f80c143b9a4026caa77a,3142800421490112149,0xd9016a907dc0ecfa3ca425ab20b6b785b42f2373,107586962711813884494,14767889557617432614327529,3142800421490112149,417968958485538184222860,14767889557617432614327529,417968958485538184222860,18
124,0xc3d7aa944105d3fafe07fc1822102449c916a8d0,0x35a532d376ffd9a705d0bb319532837337a398e7,0xc02aaa39b223fe8d0a0e5c4f27ead9083c756cc2,585351844677687030118,0x60bce13608701789ab9c8faa9b82de115ea8744d,12575276482132120029,0x35a532d376ffd9a705d0bb319532837337a398e7,13502367467556528978816673,585351844677687030118,292094897488644950899643,12575276482132120029,13502367467556528978816673,292094897488644950899643,18
125,0x80b4d4e9d88d9f78198c56c5a27f3bacb9a685c5,0xc02aaa39b223fe8d0a0e5c4f27ead9083c756cc2,0xf65b5c5104c4fafd4b709d9d60a185eae063276c,102060105928841695417,0xafa43241cf1a1d12268e75f1e7258b805e708da5,11913272963464757699,0xf65b5c5104c4fafd4b709d9d60a185eae063276c,102060105928841695417,1469251932444099846075158,11913272963464757699,172273236678750319028396,1469251932444099846075158,172273236678750319028396,18
126,0xcb9648d4ed92747e76dbfc5bedea64607970cb7a,0x378e8c47eb42cce0dd9cff48276a2ab73e9c254f,0xc02aaa39b223fe8d0a0e5c4f27ead9083c756cc2,7159975546302485149,0xe7829a30ae90e114997d2f5749ade474c66c8d84,1824321132857823305,0x378e8c47eb42cce0dd9cff48276a2ab73e9c254f,22921757996481506550058,7159975546302485149,5210847719873626357200,1824321132857823305,22921757996481506550058,5210847719873626357200,9
127,0x020e6d0e80d08567ecb14f942fa326748407a845,0xa80f2c8f61c56546001f5fc2eb8d6e4e72c45d4c,0xc02aaa39b223fe8d0a0e5c4f27ead9083c756cc2,1110537141313483766,0xb1035d946d6548feca96341485d28eba463ad9cb,19311255910108084216,0xa80f2c8f61c56546001f5fc2eb8d6e4e72c45d4c,286147156175519619624857,1110537141313483766,5007047210723253766587777,19311255910108084216,286147156175519619624857,5007047210723253766587777,18
128,0x59c1349bc6f28a427e78ddb6130ec669c2f39b48,0x2d94aa3e47d9d5024503ca8491fce9a2fb4da198,0xc02aaa39b223fe8d0a0e5c4f27ead9083c756cc2,5901198511107219905,0x2c51eaa1bcc7b013c3f1d5985cdcb3c56dc3fbc1,5546955608009007000,0x2d94aa3e47d9d5024503ca8491fce9a2fb4da198,1337597695171956056486507,5901198511107219905,1251133280766915445237705,5546955608009007000,1337597695171956056486507,1251133280766915445237705,18
129,0xd03dffd02db4b076e3eed9272a6a243a23de16e3,0x9e32b13ce7f2e80a01932b42553652e053d6ed8e,0xc02aaa39b223fe8d0a0e5c4f27ead9083c756cc2,252178962069245381474,0xdab6d56915d36060c8d6cf29a7a84910da614603,14119878051319261502,0x9e32b13ce7f2e80a01932b42553652e053d6ed8e,14801100267060477825932,252178962069245381474,821995137353786213838,14119878051319261502,14801100267060477825932,821995137353786213838,18
130,0x6060ad7b2abb5716adc82c669353e5c5f3b9fb4d,0xc02aaa39b223fe8d0a0e5c4f27ead9083c756cc2,0xfb130d93e49dca13264344966a611dc79a456bc5,58103588403050919289,0xa416df4d96cd547337a3e8893bf3f01c2a2af5c0,13834646755418531436,0xfb130d93e49dca13264344966a611dc79a456bc5,58103588403050919289,574083345632569920839413047540576,13834646755418531436,137355630598422476197532892086697,574083345632569920839413047540576,137355630598422476197532892086697,18
131,0x9e79ccaacaaa5dbb6714eea8fdfd6496c9618f40,0x8287c7b963b405b7b8d467db9d79eec40625b13a,0xc02aaa39b223fe8d0a0e5c4f27ead9083c756cc2,14061407988139257558,0x4a9c7b98c1a92db0ad33b31b549fb1820fe571ff,7832372569866337784,0x8287c7b963b405b7b8d467db9d79eec40625b13a,7018819069028878342052644,14061407988139257558,3834657218082380192793684,7832372569866337784,7018819069028878342052644,3834657218082380192793684,18
132,0xf64af01a14c31164ff7381cf966df6f2b4cb349f,0xc02aaa39b223fe8d0a0e5c4f27ead9083c756cc2,0xeec2be5c91ae7f8a338e1e5f3b5de49d07afdc81,49838841566882930006,0xc30a3cf908bbcbf44f3645592a841ed2694f91c0,1352893403571912802,0xeec2be5c91ae7f8a338e1e5f3b5de49d07afdc81,49838841566882930006,253435238418576660966,1352893403571912802,6562357012759209464,253435238418576660966,6562357012759209464,18
133,0xed247449a7ca06db5b27b44b2c092f0b48bbdb77,0x37fe0f067fa808ffbdd12891c0858532cfe7361d,0xc02aaa39b223fe8d0a0e5c4f27ead9083c756cc2,184072674368984383406,0x4632ac4a94b57573f6b0297229fc8d54046f9be4,1542981197365390929,0x37fe0f067fa808ffbdd12891c0858532cfe7361d,8038909151030860100816042,184072674368984383406,67533674035280525755599,1542981197365390929,8038909151030860100816042,67533674035280525755599,18
134,0x5fa464cefe8901d66c09b85d5fcdc55b3738c688,0x2e9d63788249371f1dfc918a52f8d799f4a38c94,0xc02aaa39b223fe8d0a0e5c4f27ead9083c756cc2,117666238548810868924,0xd4e7a6e2d03e4e48dfc27dd3f46df1c176647e38,1741775208464034848311,0x2e9d63788249371f1dfc918a52f8d799f4a38c94,202630141877110988271739,117666238548810868924,2991839877561493373038765,1741775208464034848311,202630141877110988271739,2991839877561493373038765,18
135,0x2957215d0473d2c811a075725da3c31d2af075f1,0x69fe11b042789bc6e2fdaad064afd32bb298ae05,0xc02aaa39b223fe8d0a0e5c4f27ead9083c756cc2,4550232178310039152,0xf110783ebd020dcfba91cd1976b79a6e510846aa,23575236909408054812,0x69fe11b042789bc6e2fdaad064afd32bb298ae05,41802140142287567554759100475,4550232178310039152,200250574786441865919983246822,23575236909408054812,41802140142287567554759100475,200250574786441865919983246822,18
136,0xd34d4916440dba56a5719af981e646d69c9cec0d,0x00c2999c8b2adf4abc835cc63209533973718eb1,0xc02aaa39b223fe8d0a0e5c4f27ead9083c756cc2,11602058613877274626,0x1da92f6a396eeb104ad13743486b450bd8b96e62,6643381552414560746,0x00c2999c8b2adf4abc835cc63209533973718eb1,1168759603509619943627567352852,11602058613877274626,661132700395507081323799984749,6643381552414560746,1168759603509619943627567352852,661132700395507081323799984749,18
137,0x4d3138931437dcc356ca511ac812e14ba8199fd6,0x91dfbee3965baaee32784c2d546b7a0c62f268c9,0xc02aaa39b223fe8d0a0e5c4f27ead9083c756cc2,41391656317383507243,0x65f550d18cac8e19a97e73108618b443bf301d20,13219414423559731699,0x91dfbee3965baaee32784c2d546b7a0c62f268c9,10717591653639422819551641,41391656317383507243,3496275868948783290303901,13219414423559731699,10717591653639422819551641,3496275868948783290303901,18
138,0x4c581f07cc836e62800b3c05d1ccd6d115c916e5,0xc02aaa39b223fe8d0a0e5c4f27ead9083c756cc2,0xe7eaec9bca79d537539c00c58ae93117fb7280b9,21974891327347240995,0x9d0beec8d63ef6484686d1f8470be62a210b7dbd,21363994943945493543,0xe7eaec9bca79d537539c00c58ae93117fb7280b9,21974891327347240995,760271514769804622303270284791,21363994943945493543,717494495173194004656814419583,760271514769804622303270284791,717494495173194004656814419583,18
139,0xf5bb54af516890d564643ba16c09117fda5a98d3,0x32353a6c91143bfd6c7d363b546e62a9a2489a20,0xc02aaa39b223fe8d0a0e5c4f27ead9083c756cc2,3319038919362605397,0x0d15e893cf50724382368cafed222cf131b55307,2521438127935969637,0x32353a6c91143bfd6c7d363b546e62a9a2489a20,12920829607572746046099,3319038919362605397,10294011523717902269093,2521438127935969637,12920829607572746046099,10294011523717902269093,18
140,0x5474ebd853e2ce2c9d343f0469206350231670be,0x2ba8349123de45e931a8c8264c332e6e9cf593f9,0xc02aaa39b223fe8d0a0e5c4f27ead9083c756cc2,6637401780310816174,0xf8937dc1ca081161527c0bc1eb6379420195c894,5877399915973062006,0x2ba8349123de45e931a8c8264c332e6e9cf593f9,1259693840104321528457562,6637401780310816174,1118856868839906622141492,5877399915973062006,1259693840104321528457562,1118856868839906622141492,18
141,0xdac9b2c7a5a8e2163b4161e34c2148e11b51fcc7,0x8a6d4c8735371ebaf8874fbd518b56edd66024eb,0xc02aaa39b223fe8d0a0e5c4f27ead9083c756cc2,27508809865037119201,0xdd51121d1efc398b4c09fd0cb84d79ae2c923fc9,219394305041613871810,0x8a6d4c8735371ebaf8874fbd518b56edd66024eb,53721487550223461453797101,27508809865037119201,434634401549323800219577307,219394305041613871810,53721487550223461453797101,434634401549323800219577307,18
142,0xfb7cb766d5e06a60f756c27582ce05704b3ab496,0xc02aaa39b223fe8d0a0e5c4f27ead9083c756cc2,0xc276a3d9c5443de32fde5b5719763c6ff7790a10,4179671101114113761,0xbcfbf65b44b5bb64e5db5a364bd86256e9f8e6a2,4116967018817048600,0xc276a3d9c5443de32fde5b5719763c6ff7790a10,4179671101114113761,77353394380076234903784631471156,4116967018817048600,75740974822505914194348874148791,77353394380076234903784631471156,75740974822505914194348874148791,18
143,0x541e55d40d001ca062ea0366afce05848eb7194c,0xb31ef9e52d94d4120eb44fe1ddfde5b4654a6515,0xc02aaa39b223fe8d0a0e5c4f27ead9083c756cc2,22718770535979074909,0xe2e998f6f498cf9acdeda38de77ca95d1d8288f6,22405658430475819142,0xb31ef9e52d94d4120eb44fe1ddfde5b4654a6515,6606720298083437742834698,22718770535979074909,6456436583493783852554073,22405658430475819142,6606720298083437742834698,6456436583493783852554073,18
144,0xb87b65dacc6171b3ca8c4a934601d0fcb6c61049,0xc02aaa39b223fe8d0a0e5c4f27ead9083c756cc2,0xc18360217d8f7ab5e7c516566761ea12ce7f9d72,28803484225940403228,0xa1181481beb2dc5de0daf2c85392d81c704bf75d,126081666310294096148,0xc18360217d8f7ab5e7c516566761ea12ce7f9d72,28803484225940403228,3389084733964632308250,126081666310294096148,14878167401240578895439,3389084733964632308250,14878167401240578895439,18
145,0xf660809b6d2d34cc43f620a9b22a40895365a5f8,0x92d6c1e31e14520e676a687f0a93788b716beff5,0xc02aaa39b223fe8d0a0e5c4f27ead9083c756cc2,5371965294438309454,0xe4ebd836832f1a8a81641111a5b081a2f90b9430,52161953663760352499,0x92d6c1e31e14520e676a687f0a93788b716beff5,3802447797691788352577,5371965294438309454,36865452933968050003637,52161953663760352499,3802447797691788352577,36865452933968050003637,18
146,0x5bacb4114ad2d448e79addef121714b74d67faec,0xc02aaa39b223fe8d0a0e5c4f27ead9083c756cc2,0xe0a189c975e4928222978a74517442239a0b86ff,139771631853461294592,0x58985d43735a19286a41c5cdd02ed16f85ac9d80,6718676801152118413,0xe0a189c975e4928222978a74517442239a0b86ff,139771631853461294592,83304513141829719,6718676801152118413,4032435658831852,83304513141829719,4032435658831852,9
147,0x2d0ba902badaa82592f0e1c04c71d66cea21d921,0xc02aaa39b223fe8d0a0e5c4f27ead9083c756cc2,0xc669928185dbce49d2230cc9b0979be6dc797957,1582442260543209188041,0xe9cf42bfcd65e342a96fc063304e22db33e236ac,680959192889762752256,0xc669928185dbce49d2230cc9b0979be6dc797957,1582442260543209188041,4086827306043367379884903485255,680959192889762752256,1758497928701552319197301909349,4086827306043367379884903485255,1758497928701552319197301909349,18
148,0xf037ad49812186ccaf84ee0d4136de32ecdd9616,0xc02aaa39b223fe8d0a0e5c4f27ead9083c756cc2,0xeb8eec5a2dbf6e6f4cc542ad31cce706f8f80419,2007439082490245887,0xb6f10abe3e95f02062c75d01046641b88adbf3e0,2025354036828936239,0xeb8eec5a2dbf6e6f4cc542ad31cce706f8f80419,2007439082490245887,2858334883699166894543,2025354036828936239,2870459773394531695764,2858334883699166894543,2870459773394531695764,18
149,0xb011eeaab8bf0c6de75510128da95498e4b7e67f,0x4d224452801aced8b2f0aebe155379bb5d594381,0xc02aaa39b223fe8d0a0e5c4f27ead9083c756cc2,33306885034675877720,0x130f4322e5838463ee460d5854f5d472cfc8f253,3884469888571966178,0x4d224452801aced8b2f0aebe155379bb5d594381,13366784110275032746892,33306885034675877720,1551611506671453943236,3884469888571966178,13366784110275032746892,1551611506671453943236,18
150,0xac86903cdda380f20a06cc8a2dea7749f1558c68,0xc02aaa39b223fe8d0a0e5c4f27ead9083c756cc2,0xe76c6c83af64e4c60245d8c7de953df673a7a33d,123877871684966605146,0x7cf6a842e72c4bd7bc92e0c17ebdaa95ac1e7825,127507484339315040801,0xe76c6c83af64e4c60245d8c7de953df673a7a33d,123877871684966605146,399186520834986975632128,127507484339315040801,414597558433900895810025,399186520834986975632128,414597558433900895810025,18
151,0x2a8d7ab0133f53c977302dcb0460fa86eccec9ec,0x46e98ffe40e408ba6412beb670507e083c8b95ff,0xc02aaa39b223fe8d0a0e5c4f27ead9083c756cc2,4690344683887366465,0x0d80f8a039cc61b659ff299bb132de271c757325,7641691720765453952,0x46e98ffe40e408ba6412beb670507e083c8b95ff,723050998435802944243150,4690344683887366465,1196961246472433971854292,7641691720765453952,723050998435802944243150,1196961246472433971854292,18
152,0x1e6ba87b6f4f313f4571c8c56d4c31c2e1c3fdbe,0x00813e3421e1367353bfe7615c7f7f133c89df74,0xc02aaa39b223fe8d0a0e5c4f27ead9083c756cc2,35891653536025263211,0x1b803af96f37ae51fa753e13e1d2e372dfa17791,503148607710735577567,0x00813e3421e1367353bfe7615c7f7f133c89df74,2183118642581336082913547,35891653536025263211,30788170829961660022244815,503148607710735577567,2183118642581336082913547,30788170829961660022244815,18
153,0x0149ebe930260ccfdaaa8e3081b4c39446b6f491,0xc02aaa39b223fe8d0a0e5c4f27ead9083c756cc2,0xf57e7e7c23978c3caec3c3548e3d615c346e79ff,1641318245408964321,0x18cd890f4e23422dc4aa8c2d6e0bd3f3bd8873d8,208173943997022263975,0xf57e7e7c23978c3caec3c3548e3d615c346e79ff,1641318245408964321,2167182452470717159537,208173943997022263975,273559835122709667580657,2167182452470717159537,273559835122709667580657,18
154,0x24d26d4300de25b526812f92dc311ce6ef454499,0xab2a7b5876d707e0126b3a75ef7781c77c8877ee,0xc02aaa39b223fe8d0a0e5c4f27ead9083c756cc2,17247495509661780338,0x8ae2135519a691992eeee0c48c08748390e26f57,2140382943868255483,0xab2a7b5876d707e0126b3a75ef7781c77c8877ee,1295971131407996863992734,17247495509661780338,159900495299893027492918,2140382943868255483,1295971131407996863992734,159900495299893027492918,18
155,0xbbc88292a8c468bcd4527fef82626feefe9df87c,0xc02aaa39b223fe8d0a0e5c4f27ead9083c756cc2,0xc13f4f0f865bac08f62654b57e38669ebc4747a3,10455499574103640078,0x924d2a9080a4bb096e971060fe227ba8201c2b3c,1369093217603779721,0xc13f4f0f865bac08f62654b57e38669ebc4747a3,10455499574103640078,611542902922734027669063,1369093217603779721,79615954941627952847133,611542902922734027669063,79615954941627952847133,18
